Workbook

Sheet Overview
B2: SalesGenie AI – Day Team Project Schedule
B3: AI Sales Assistant & Lead Intelligence Platform — SDLC Execution Plan
B5: Project Start Date | C5: 46218
B6: Project End Date (Day 30) | C6: 46259
B7: Total Duration | C7: 30 Days (incl. weekends as buffer/testing days)
B9: How to use this workbook
B10: 1. Set the Project Start Date in cell C5 (yellow) — all schedule dates recalculate automatically.
B11: 2. 'Team Assignment' sheet — assign real names against each role.
B12: 3. '30-Day Schedule' sheet — day-by-day SDLC plan with owner and deliverable per day.
B13: 4. 'Module Task Breakdown' sheet — detailed task list per module mapped to owners with start/end dates.
B14: 5. 'Milestone Tracker' sheet — high-level 4-milestone view with evaluation criteria and sign-off status.
B15: 6. Update the 'Status' columns (dropdown: Not Started / In Progress / Completed / Blocked) as the team executes.
B17: Team Size Assumption
B18: 6 members: Project Lead, Backend Developer, Frontend Developer, AI/ML Engineer, Database/DevOps Engineer, QA Engineer

Sheet Team Assignment
B2: Team Roles & Responsibilities
B4: # | C4: Role | D4: Team Member (Name) | E4: Primary Responsibility | F4: Modules Owned | G4: Tech Stack
B5: 1 | C5: Project Lead / Scrum Master | D5: Divya Bharathi I | E5: Sprint planning, task allocation, client demo, risk tracking, evaluation sign-off | F5: All modules (oversight) | G5: Jira/Trello, Git, Docs
B6: 2 | C6: Backend Developer | D6: Divya Bharathi I | E6: FastAPI endpoints, business logic, API security, RBAC, integration layer | F6: Module 1, 3, 4, 5 (API layer) | G6: FastAPI, Pydantic, JWT
B7: 3 | C7: Database / DevOps Engineer | D7: Guna Shekar Naidu Khandapu | E7: PostgreSQL schema, migrations, indexing, Docker deployment, CI/CD, monitoring | F7: Module 1 (DB), Module 6 (deployment) | G7: PostgreSQL, SQLAlchemy, Docker
B8: 4 | C8: AI/ML Engineer | D8: Jagadeesh | E8: LangGraph agents, LLM prompt design, lead scoring model, outreach generation, summarization | F8: Module 2, 3, 4, 5 (AI layer) | G8: LangGraph, Groq/OpenAI API
B9: 5 | C9: Frontend Developer | D9: Gopika Rajendiran | E9: Streamlit UI, dashboard, theming/CSS, session state, API integration on client side | F9: Module 1 UI, Module 6 (Dashboard) | G9: Streamlit, Plotly/Altair, CSS
B10: 6 | C10: QA / Test Engineer | D10: Gilagalla Karthik | E10: Test case design, functional & integration testing, UAT, accuracy validation (scoring, insights) | F10: All modules (testing) | G10: Pytest, Postman, Manual QA

Sheet 30-Day Schedule
B2: 30-Day Day-wise SDLC Execution Schedule
B3: Dates auto-calculate from Overview!C5 (Project Start Date)
B5: Day | C5: Date | D5: SDLC Phase | E5: Milestone | F5: Module Focus | G5: Key Task | H5: Owner (Role) | I5: Deliverable | J5: Status
B6: 1 | C6: 46218 | D6: Planning & Requirement Analysis | E6: Kickoff | F6: All Modules | G6: Requirement gathering, finalize scope, review architecture & DB schema diagrams | H6: Project Lead + Full Team | I6: Signed-off SRS document | J6: Completed
B7: 2 | C7: 46219 | D7: Planning & Requirement Analysis | E7: Kickoff | F7: All Modules | G7: Define API contracts (endpoints list), tech stack finalization, repo & branching setup | H7: Project Lead + Backend Dev | I7: Git repo, API contract doc | J7: Completed
B8: 3 | C8: 46220 | D8: Planning & Requirement Analysis | E8: Kickoff | F8: All Modules | G8: Sprint planning for Milestone 1; task breakdown & estimation in tracker | H8: Project Lead | I8: Sprint 1 backlog | J8: Completed
B9: 4 | C9: 46223 | D9: System & Database Design | E9: Milestone 1 Prep | F9: Module 1 | G9: Design ER diagram & finalize PostgreSQL schema (Leads, Users, CRM_Sync_Logs) | H9: Database/DevOps Engineer | I9: Finalized DB schema + migration scripts | J9: Completed
B10: 5 | C10: 46224 | D10: System & Database Design | E10: Milestone 1 Prep | F10: Module 1/6 | G10: Design Streamlit wireframes (Leads, Outreach, Conversations, Dashboard tabs) | H10: Frontend Developer | I10: UI wireframes / mockups | J10: Completed
B11: 6 | C11: 46225 | D11: System & Database Design | E11: Milestone 1 Prep | F11: Module 2 | G11: Design LangGraph agent architecture (Research, Qualification, Outreach, CRM agents) | H11: AI/ML Engineer | I11: Agent architecture diagram | J11: Completed
B12: 7 | C12: 46226 | D12: Development | E12: Milestone 1 | F12: Module 1 | G12: Implement Lead/Prospect DB models, CRUD APIs (create/edit/search prospects) | H12: Backend Developer | I12: Prospect CRUD API (FastAPI) | J12: Completed
B13: 8 | C13: 46227 | D13: Development | E13: Milestone 1 | F13: Module 1 | G13: Build lead import (CSV upload, manual entry) with duplicate detection | H13: Backend Developer | I13: Lead import module | J13: Completed
B14: 9 | C14: 46230 | D14: Development | E14: Milestone 1 | F14: Module 1 | G14: Build Streamlit 'Leads' tab: prospect search list + detail panel | H14: Frontend Developer | I14: Leads UI screen | J14: Completed
B15: 10 | C15: 46231 | D15: Development | E15: Milestone 1 | F15: Module 2 | G15: Implement company profile analysis logic (industry, size, tech stack ingestion) | H15: AI/ML Engineer | I15: Company profile analysis service | J15: Completed
B16: 11 | C16: 46232 | D16: Development | E16: Milestone 1 | F16: Module 2 | G16: Build AI qualification scoring prompt + Lead Intelligence card generation | H16: AI/ML Engineer | I16: Qualification score engine | J16: Completed
B17: 12 | C17: 46233 | D17: Development | E17: Milestone 1 | F17: Module 2 | G17: Integrate Lead Intelligence output into Leads UI (score badge, insights panel) | H17: Frontend Developer + AI/ML Engineer | I17: Lead Intelligence UI integration | J17: Completed
... B35: 30 | C35: 46259 | D35: Deployment & Closure | E35: Milestone 4 | F35: All Modules | G35: Deploy to production/staging (Docker), final demo, documentation handover, retrospective | H35: Full Team | I35: Deployed app + final demo + project closure doc | J35: Completed

Sheet Module Task Breakdown
B2: Module-wise Task Breakdown with Start/End Day & Owner
B4: Module | C4: Task | D4: Owner (Role) | E4: Start Day | F4: End Day | G4: Start Date | H4: End Date | I4: Duration (Days) | J4: Deliverable | K4: Status
B5: Module 1: Lead Management & Prospect Database | C5: Design DB schema (Leads, Users, CRM_Sync_Logs) | D5: Database/DevOps Engineer | E5: 4 | F5: 4 | G5: 46223 | H5: 46223 | I5: =F5-E5+1 -> 1 | J5: Finalized schema + migrations | K5: Completed
B6: Module 1: Lead Management & Prospect Database | C6: Build prospect CRUD APIs | D6: Backend Developer | E6: 7 | F6: 8 | G6: 46226 | H6: 46227 | I6: =F6-E6+1 -> 2 | J6: FastAPI CRUD endpoints | K6: Completed
B7: Module 1: Lead Management & Prospect Database | C7: Build lead import (CSV/manual) with de-duplication | D7: Backend Developer | E7: 8 | F7: 8 | G7: 46227 | H7: 46227 | I7: =F7-E7+1 -> 1 | J7: Lead import module | K7: Completed
B8: Module 1: Lead Management & Prospect Database | C8: Build Leads UI (search list + detail panel) | D8: Frontend Developer | E8: 9 | F8: 10 | G8: 46230 | H8: 46231 | I8: =F8-E8+1 -> 2 | J8: Leads tab (Streamlit) | K8: Completed
B9: Module 2: Lead Intelligence & Company Analysis | C9: Design LangGraph agent architecture | D9: AI/ML Engineer | E9: 6 | F9: 6 | G9: 46225 | H9: 46225 | I9: =F9-E9+1 -> 1 | J9: Agent architecture diagram | K9: Completed
B10: Module 2: Lead Intelligence & Company Analysis | C10: Build company profile analysis service | D10: AI/ML Engineer | E10: 10 | F10: 11 | G10: 46231 | H10: 46232 | I10: =F10-E10+1 -> 2 | J10: Company analysis service | K10: Completed
B11: Module 2: Lead Intelligence & Company Analysis | C11: Build qualification scoring engine | D11: AI/ML Engineer | E11: 11 | F11: 12 | G11: 46232 | H11: 46233 | I11: =F11-E11+1 -> 2 | J11: Qualification score API | K11: Completed
B12: Module 2: Lead Intelligence & Company Analysis | C12: Integrate insights into Leads UI | D12: Frontend Developer + AI/ML Engineer | E12: 12 | F12: 12 | G12: 46233 | H12: 46233 | I12: =F12-E12+1 -> 1 | J12: Lead Intelligence panel | K12: Completed
B13: Module 3: AI Outreach Generation | C13: Build outreach/email generation service | D13: AI/ML Engineer | E13: 15 | F13: 16 | G13: 46238 | H13: 46239 | I13: =F13-E13+1 -> 2 | J13: Outreach generation API | K13: Completed
B14: Module 3: AI Outreach Generation | C14: Build Outreach UI (AI Email Generator) | D14: Frontend Developer | E14: 16 | F14: 17 | G14: 46239 | H14: 46240 | I14: =F14-E14+1 -> 2 | J14: Outreach tab (Streamlit) | K14: Completed
B15: Module 4: Lead Scoring & Recommendation Engine | C15: Build lead scoring & conversion probability model | D15: AI/ML Engineer + Backend Developer | E15: 17 | F15: 18 | G15: 46240 | H15: 46241 | I15: =F15-E15+1 -> 2 | J15: Lead scoring API | K15: Completed
B16: Module 4: Lead Scoring & Recommendation Engine | C16: Build next-best-action recommendation engine | D16: AI/ML Engineer | E16: 18 | F16: 18 | G16: 46241 | H16: 46241 | I16: 1 | J16: Recommendation service | K16: Completed
B17: Module 4: Lead Scoring & Recommendation Engine | C17: Integrate scoring & strategy into Outreach UI | D17: Frontend Developer | E17: 19 | F17: 19 | G17: 46244 | H17: 46244 | I17: =F17-E17+1 -> 1 | J17: Outreach Strategy panel | K17: Completed
B18: Module 5: Conversation Intelligence & CRM Integration | C18: Build CRM integration APIs (Salesforce/HubSpot mapping) | D18: Backend Developer | E18: 21 | F18: 22 | G18: 46246 | H18: 46247 | I18: =F18-E18+1 -> 2 | J18: CRM integration API | K18: Completed
B19: Module 5: Conversation Intelligence & CRM Integration | C19: Implement CRM sync logic + sync logs | D19: Backend Developer + DevOps Engineer | E19: 22 | F19: 23 | G19: 46247 | H19: 46248 | I19: =F19-E19+1 -> 2 | J19: CRM sync service | K19: Completed
B20: Module 5: Conversation Intelligence & CRM Integration | C20: Build meeting/call summarization + action item extraction | D20: AI/ML Engineer | E20: 23 | F20: 24 | G20: 46248 | H20: 46251 | I20: =F20-E20+1 -> 2 | J20: Summarization service | K20: Completed
B21: Module 5: Conversation Intelligence & CRM Integration | C21: Build Conversations UI (sync status, summary, activity feed) | D21: Frontend Developer | E21: 24 | F21: 24 | G21: 46251 | H21: 46251 | I21: =F21-E21+1 -> 1 | J21: Conversations tab (Streamlit) | K21: Completed
B22: Module 6: Dashboard & Sales Analytics | C22: Build analytics API (conversion rate, pipeline value, KPIs) | D22: Backend Developer | E22: 26 | F22: 27 | G22: 46253 | H22: 46254 | I22: =F22-E22+1 -> 2 | J22: Analytics API | K22: Completed
B23: Module 6: Dashboard & Sales Analytics | C23: Build dashboard UI + pipeline Kanban view | D23: Frontend Developer | E23: 26 | F23: 27 | G23: 46253 | H23: 46254 | I23: =F23-E23+1 -> 2 | J23: Dashboard tab (Streamlit) | K23: Completed
B24: Module 6: Dashboard & Sales Analytics | C24: Build automated follow-up recommendation panel | D24: AI/ML Engineer + Frontend Developer | E24: 27 | F24: 27 | G24: 46254 | H24: 46254 | I24: =F24-E24+1 -> 1 | J24: Follow-up panel | K24: Completed
B25: Cross-Module | C25: End-to-end integration & performance tuning | D25: Full Team | E25: 28 | F25: 28 | G25: 46255 | H25: 46255 | I25: =F25-E25+1 -> 1 | J25: Integrated build | K25: Completed
B26: Cross-Module | C26: Full regression testing & UAT | D26: QA Engineer | E26: 29 | F26: 29 | G26: 46258 | H26: 46258 | I26: =F26-E26+1 -> 1 | J26: UAT + test report | K26: Completed
B27: Cross-Module | C27: Deployment, documentation & final demo | D27: Full Team | E27: 30 | F27: 30 | G27: 46259 | H27: 46259 | I27: =F27-E27+1 -> 1 | J27: Deployed app + docs | K27: Completed

Sheet Milestone Tracker
B2: Milestone Tracker & Evaluation Criteria
B4: Milestone | C4: Day Range | D4: Start Date | E4: End Date | F4: Modules Covered | G4: Evaluation Criteria | H4: Sign-off Status
B5: Milestone 1 | C5: Day 1-14 | D5: =Overview!$C$5+0 -> 46218 | E5: =Overview!$C$5+13 -> 46231 | F5: Module 1 (Lead Management) + Module 2 (Lead Intelligence) | G5: Manage/analyze ≥95% of prospect records; generate accurate company insights & lead intelligence | H5: Signed Off
B6: Milestone 2 | C6: Day 15-20 | D6: =Overview!$C$5+14 -> 46232 | E6: =Overview!$C$5+19 -> 46237 | F6: Module 3 (AI Outreach) + Module 4 (Lead Scoring) | G6: Lead scoring accuracy ≥85%; personalized outreach content generated for multiple industries | H6: Signed Off
B7: Milestone 3 | C7: Day 21-25 | D7: =Overview!$C$5+20 -> 46238 | E7: =Overview!$C$5+24 -> 46242 | F7: Module 5 (CRM Integration & Conversation Intelligence) | G7: CRM integration functions correctly across supported workflows; sales conversation summaries generated successfully | H7: Signed Off
B8: Milestone 4 | C8: Day 26-30 | D8: =Overview!$C$5+25 -> 46243 | E8: =Overview!$C$5+29 -> 46247 | F8: Module 6 (Dashboard & Analytics) + Full Integration | G8: Dashboard fully operational; end-to-end workflow functional; response time <5 sec; user satisfaction ≥85% | H8: Signed Off
